{
  "Linear": {
    "x": [
      100.0,
      200.0,
      300.0,
      400.0,
      500.0,
      600.0,
      700.0,
      800.0,
      900.0,
      1000.0
    ],
    "y": [
      1.2159347534179688e-05,
      1.6450881958007812e-05,
      2.5272369384765625e-05,
      3.147125244140625e-05,
      3.886222839355469e-05,
      4.696846008300781e-05,
      5.602836608886719e-05,
      6.365776062011719e-05,
      7.009506225585938e-05,
      7.963180541992188e-05
    ]
  },
  "Divide_And_Conquer": {
    "x": [
      100.0,
      200.0,
      300.0,
      400.0,
      500.0,
      600.0,
      700.0,
      800.0,
      900.0,
      1000.0
    ],
    "y": [
      0.00021386146545410156,
      0.00041961669921875,
      0.0006363391876220703,
      0.000858306884765625,
      0.0010683536529541016,
      0.001291513442993164,
      0.0015273094177246094,
      0.0017881393432617188,
      0.001971006393432617,
      0.0021944046020507812
    ]
  },
  "Enumeration": {
    "x": [
      100.0,
      200.0,
      300.0,
      400.0,
      500.0,
      600.0,
      700.0,
      800.0,
      900.0,
      1000.0
    ],
    "y": [
      0.009955883026123047,
      0.07092547416687012,
      0.23785614967346191,
      0.577592134475708,
      1.1351768970489502,
      1.9726994037628174,
      3.202080726623535,
      4.733628988265991,
      6.850294828414917,
      9.419976234436035
    ]
  },
  "Better_Enumeration": {
    "x": [ 
      100.0,
      200.0,
      300.0,
      400.0,
      500.0,
      600.0,
      700.0,
      800.0,
      900.0,
      1000.0
    ],
    "y": [
      0.00028777122497558594,
      0.0010645389556884766,
      0.0024690628051757812,
      0.00449061393737793,
      0.006986379623413086,
      0.010221481323242188,
      0.013866901397705078,
      0.018202781677246094,
      0.022791385650634766,
      0.02860713005065918
    ]
  }
}
